,Base Item,Added Item,Support,Confidence,Lift
0,almonds,burgers,0.005199306759098787,0.25490196078431376,2.923577382023146
1,escalope,mushroom cream sauce,0.005732568990801226,0.3006993006993007,3.790832696715049
2,escalope,pasta,0.005865884548726837,0.3728813559322034,4.700811850163794
3,frozen vegetables,parmesan cheese,0.005465937874950006,0.27516778523489926,2.886760219646125
4,ground beef,herb & pepper,0.015997866951073192,0.3234501347708895,3.2919938411349285
5,ground beef,tomato sauce,0.005332622317024397,0.3773584905660377,3.840659481324083
6,olive oil,whole wheat pasta,0.007998933475536596,0.2714932126696833,4.122410097642296
7,pasta,shrimp,0.005065991201173177,0.3220338983050847,4.506672147735896
